﻿<?xml version="1.0" encoding="utf-8" ?>

<Defs>
  <FacialAnimation.FaceAnimationDef>
    <defName>Horan_Wear</defName>
	<raceName>Horan</raceName>
    <animationFrames>
      <li>
        <duration>10</duration>
        <lidOffset>(0,0,0.0)</lidOffset>
        <eyeballOffset>(-0.005,0,0.005)</eyeballOffset>
        <mouthShapeDef>open</mouthShapeDef>
        <headShapeDef>blush</headShapeDef>
      </li>
      <li>
        <duration>10</duration>
        <lidOffset>(0,0,0.0)</lidOffset>
        <eyeballOffset>(0.005,0,0.005)</eyeballOffset>
        <mouthShapeDef>open</mouthShapeDef>
        <headShapeDef>blush</headShapeDef>
      </li>
      <li>
        <duration>10</duration>
        <lidOffset>(0,0,0.0)</lidOffset>
        <eyeballOffset>(0,0,0.005)</eyeballOffset>
        <mouthShapeDef>open</mouthShapeDef>
        <headShapeDef>blush</headShapeDef>
      </li>
    </animationFrames>
    <targetJobs>
      <li>Wear</li>
    </targetJobs>
    <priority>105</priority>
    <applyWhenStandingOnly>true</applyWhenStandingOnly>
    <roopIntervalMin>30 </roopIntervalMin>
    <roopIntervalMax>300</roopIntervalMax>
  </FacialAnimation.FaceAnimationDef>

  <FacialAnimation.FaceAnimationDef>
    <defName>Horan_Wear2</defName>
	<raceName>Horan</raceName>
    <animationFrames>
      <li>
        <duration>1</duration>
        <browShapeDef>s-shaped</browShapeDef>
        <lidShapeDef>normal</lidShapeDef>
        <eyeballOffset>(0.0,0,0.005)</eyeballOffset>
        <headShapeDef>blush</headShapeDef>
      </li>
    </animationFrames>
    <targetJobs>
      <li>Wear</li>
    </targetJobs>
    <priority>104</priority>
    <applyWhenStandingOnly>true</applyWhenStandingOnly>
  </FacialAnimation.FaceAnimationDef>

  <FacialAnimation.FaceAnimationDef>
    <defName>Horan_Wear3</defName>
	<raceName>Horan</raceName>
    <animationFrames>
      <li>
        <duration>120</duration>
        <browShapeDef>flat</browShapeDef>
        <lidShapeDef>close</lidShapeDef>
        <headOffset>(0.0,0,0.005)</headOffset>
        <headShapeDef>blush</headShapeDef>
      </li>
    </animationFrames>
    <targetJobs>
      <li>Wear</li>
    </targetJobs>
    <priority>110</priority>
    <applyWhenStandingOnly>true</applyWhenStandingOnly>
    <roopIntervalMin>30 </roopIntervalMin>
    <roopIntervalMax>300</roopIntervalMax>
  </FacialAnimation.FaceAnimationDef>
  
  <!-- -->
  
    <FacialAnimation.FaceAnimationDef>
    <defName>Horan_Spirit_Wear</defName>
	<raceName>Horan_Spirit</raceName>
    <animationFrames>
      <li>
        <duration>10</duration>
        <lidOffset>(0,0,0.0)</lidOffset>
        <eyeballOffset>(-0.005,0,0.005)</eyeballOffset>
        <mouthShapeDef>open</mouthShapeDef>
        <headShapeDef>blush</headShapeDef>
      </li>
      <li>
        <duration>10</duration>
        <lidOffset>(0,0,0.0)</lidOffset>
        <eyeballOffset>(0.005,0,0.005)</eyeballOffset>
        <mouthShapeDef>open</mouthShapeDef>
        <headShapeDef>blush</headShapeDef>
      </li>
      <li>
        <duration>10</duration>
        <lidOffset>(0,0,0.0)</lidOffset>
        <eyeballOffset>(0,0,0.005)</eyeballOffset>
        <mouthShapeDef>open</mouthShapeDef>
        <headShapeDef>blush</headShapeDef>
      </li>
    </animationFrames>
    <targetJobs>
      <li>Wear</li>
    </targetJobs>
    <priority>105</priority>
    <applyWhenStandingOnly>true</applyWhenStandingOnly>
    <roopIntervalMin>30 </roopIntervalMin>
    <roopIntervalMax>300</roopIntervalMax>
  </FacialAnimation.FaceAnimationDef>

  <FacialAnimation.FaceAnimationDef>
    <defName>Horan_Spirit_Wear2</defName>
	<raceName>Horan_Spirit</raceName>
    <animationFrames>
      <li>
        <duration>1</duration>
        <browShapeDef>s-shaped</browShapeDef>
        <lidShapeDef>normal</lidShapeDef>
        <eyeballOffset>(0.0,0,0.005)</eyeballOffset>
        <headShapeDef>blush</headShapeDef>
      </li>
    </animationFrames>
    <targetJobs>
      <li>Wear</li>
    </targetJobs>
    <priority>104</priority>
    <applyWhenStandingOnly>true</applyWhenStandingOnly>
  </FacialAnimation.FaceAnimationDef>

  <FacialAnimation.FaceAnimationDef>
    <defName>Horan_Spirit_Wear3</defName>
	<raceName>Horan_Spirit</raceName>
    <animationFrames>
      <li>
        <duration>120</duration>
        <browShapeDef>flat</browShapeDef>
        <lidShapeDef>close</lidShapeDef>
        <headOffset>(0.0,0,0.005)</headOffset>
        <headShapeDef>blush</headShapeDef>
      </li>
    </animationFrames>
    <targetJobs>
      <li>Wear</li>
    </targetJobs>
    <priority>110</priority>
    <applyWhenStandingOnly>true</applyWhenStandingOnly>
    <roopIntervalMin>30 </roopIntervalMin>
    <roopIntervalMax>300</roopIntervalMax>
  </FacialAnimation.FaceAnimationDef>
</Defs>