﻿<?xml version="1.0" encoding="utf-8" ?>

<Defs>
  <FacialAnimation.BrowTypeDef>
	  <defName>Horan_Brow</defName>
	  <raceName>Horan</raceName>
	  <texPath>Horan/Brows/Normal</texPath>
	  <shader>Map/Transparent</shader>
  </FacialAnimation.BrowTypeDef>
  
  <FacialAnimation.BrowTypeDef>
	  <defName>Horan_Spirit_Brow</defName>
	  <raceName>Horan_Spirit</raceName>
	  <texPath>Horan/Brows/Normal</texPath>
	  <shader>Map/Transparent</shader>
  </FacialAnimation.BrowTypeDef>
</Defs>