﻿<?xml version="1.0" encoding="utf-8" ?>

<Defs>
  <FacialAnimation.EyeballTypeDef>  
  	<defName>Horan_EyeNormal</defName>
	<raceName>Horan</raceName>
  	<texPath>Horan/Eyes/Normal</texPath>
  	<altMaskPath>Horan/Eyes/Common</altMaskPath>
    <shader>Map/CutoutSkinOverlay</shader>
    <minColor>RGB(0.25,0.25,0.25)</minColor>
    <maxColor>RGB(0.85,0.85,0.85)</maxColor>
  </FacialAnimation.EyeballTypeDef>
  
  <FacialAnimation.EyeballTypeDef>  
  	<defName>Horan_Spirit_EyeNormal</defName>
	<raceName>Horan_Spirit</raceName>
  	<texPath>Horan/Eyes/Normal</texPath>
  	<altMaskPath>Horan/Eyes/Common</altMaskPath>
    <shader>Map/CutoutSkinOverlay</shader>
    <minColor>RGB(0.25,0.25,0.25)</minColor>
    <maxColor>RGB(0.85,0.85,0.85)</maxColor>
  </FacialAnimation.EyeballTypeDef>
</Defs>