﻿<?xml version="1.0" encoding="utf-8" ?>

<Defs>
  <FacialAnimation.LidOptionTypeDef>
	  <defName>Horan_LidOptionNormal</defName>
	  <raceName>Horan</raceName>
	  <texPath>Horan/LidOptions/Normal</texPath>
    <shader>Map/Transparent</shader>
    <minColor>(1,1,1,1)</minColor>
    <maxColor>(1,1,1,1)</maxColor>
  </FacialAnimation.LidOptionTypeDef>
  
  <FacialAnimation.LidOptionTypeDef>
	  <defName>Horan_Spirit_LidOptionNormal</defName>
	  <raceName>Horan_Spirit</raceName>
	  <texPath>Horan/LidOptions/Normal</texPath>
    <shader>Map/Transparent</shader>
    <minColor>(1,1,1,1)</minColor>
    <maxColor>(1,1,1,1)</maxColor>
  </FacialAnimation.LidOptionTypeDef>
</Defs>