﻿<?xml version="1.0" encoding="utf-8" ?>

<Defs>
  <FacialAnimation.LidTypeDef>
	  <defName>Horan_Lid01</defName>
	  <raceName>Horan</raceName>
	  <texPath>Horan/Lids/1</texPath>
    <shader>Map/Transparent</shader>
  </FacialAnimation.LidTypeDef>
  
  <FacialAnimation.LidTypeDef>
	  <defName>Horan_Lid02</defName>
	  <raceName>Horan</raceName>
	  <texPath>Horan/Lids/2</texPath>
    <shader>Map/Transparent</shader>
  </FacialAnimation.LidTypeDef>
  
  <FacialAnimation.LidTypeDef>
	  <defName>Horan_Lid03</defName>
	  <raceName>Horan</raceName>
	  <texPath>Horan/Lids/3</texPath>
    <shader>Map/Transparent</shader>
  </FacialAnimation.LidTypeDef>
  
  <FacialAnimation.LidTypeDef>
	  <defName>Horan_Lid04</defName>
	  <raceName>Horan</raceName>
	  <texPath>Horan/Lids/4</texPath>
    <shader>Map/Transparent</shader>
  </FacialAnimation.LidTypeDef>

  <FacialAnimation.LidTypeDef>
	  <defName>Horan_Spirit_Lid01</defName>
	  <raceName>Horan_Spirit</raceName>
	  <texPath>Horan/Lids/1</texPath>
    <shader>Map/Transparent</shader>
  </FacialAnimation.LidTypeDef>
  
  <FacialAnimation.LidTypeDef>
	  <defName>Horan_Spirit_Lid02</defName>
	  <raceName>Horan_Spirit</raceName>
	  <texPath>Horan/Lids/2</texPath>
    <shader>Map/Transparent</shader>
  </FacialAnimation.LidTypeDef>
  
  <FacialAnimation.LidTypeDef>
	  <defName>Horan_Spirit_Lid03</defName>
	  <raceName>Horan_Spirit</raceName>
	  <texPath>Horan/Lids/3</texPath>
    <shader>Map/Transparent</shader>
  </FacialAnimation.LidTypeDef>
  
  <FacialAnimation.LidTypeDef>
	  <defName>Horan_Spirit_Lid04</defName>
	  <raceName>Horan_Spirit</raceName>
	  <texPath>Horan/Lids/4</texPath>
    <shader>Map/Transparent</shader>
  </FacialAnimation.LidTypeDef>

</Defs>