﻿<?xml version="1.0" encoding="utf-8"?>

<ModMetaData>
	<name>Horan Patch - Facial Animation</name>
	<author>僞善猫尾</author>
	<supportedVersions>
		<li>1.5</li>
	</supportedVersions>
	<packageId>PickSungYi.HoranPatch.FA</packageId>
	<description>Made by 伪善猫尾(僞善猫尾, WeiShanMaoWei), Art source by PickSungYi</description>
	<modDependencies>
		<li>
			<packageId>Nals.FacialAnimationExperimentals</packageId>
			<displayName>[NL] Facial Animation - Experimentals</displayName>
			<steamWorkshopUrl>https://steamcommunity.com/sharedfiles/filedetails/?id=2581693737</steamWorkshopUrl>
		</li>
		<li>
			<packageId>PickSungYi.Horanrace</packageId>
			<displayName>Horan, The tiny tiger race</displayName>
			<steamWorkshopUrl>https://steamcommunity.com/sharedfiles/filedetails/?id=2767517057</steamWorkshopUrl>
		</li>
	</modDependencies>
	<loadAfter>
		<li>Nals.FacialAnimationExperimentals</li>
		<li>PickSungYi.Horanrace</li>
	</loadAfter>
</ModMetaData>