<?xml version="1.0" encoding="utf-8"?>
<ModMetaData>
	<name>Horan, Facial Animation Patch Add-on</name>
	<author>PickSungYi</author>
	<supportedVersions>
		<li>1.5</li>
	</supportedVersions>
   	<packageId>PickSungYi.HoranFacialAnimationPatch.Addon</packageId>
	<description>In Testing!</description>
	<modDependencies>
		<li>
			<packageId>brrainz.harmony</packageId>
			<displayName>Harmony</displayName>
			<steamWorkshopUrl>steam://url/CommunityFilePage/2009463077</steamWorkshopUrl>
		</li>
		<li>
			<packageId>Nals.FacialAnimation</packageId>
			<displayName>[NL] Facial Animation - WIP</displayName>
			<steamWorkshopUrl>steam://url/CommunityFilePage/1635901197</steamWorkshopUrl>
		</li>
		<li>
			<packageId>PickSungYi.Horanrace</packageId>
			<displayName>Horan, The tiny tiger race</displayName>
			<steamWorkshopUrl>steam://url/CommunityFilePage/2767517057</steamWorkshopUrl>
		</li>
	</modDependencies>
	<loadAfter>
		<li>brrainz.harmony</li>
		<li>Nals.FacialAnimation</li>
		<li>PickSungYi.Horanrace</li>
	</loadAfter>
	<incompatibleWith>
	</incompatibleWith>
</ModMetaData>